Workbook

Sheet 📊 Dashboard
B1: IACS CYBER SECURITY RISK REGISTER — LIVE DASHBOARD
B2: Document: CSMS-RA-008 | Stage 2 — Risk Analysis | F2: =TEXT(TODAY(),"DD MMM YYYY") -> 12 May 2026
B4: RISK POSTURE SUMMARY
B5: TOTAL RISKS | D5: CRITICAL | F5: HIGH | H5: MEDIUM
B6: =COUNTA('📋 Risk Register'!A2:A500)-COUNTBLANK('📋 Risk Register'!A2:A500) -> -483 | D6: =COUNTIF('📋 Risk Register'!T2:T500,"CRITICAL") -> 6 | F6: =COUNTIF('📋 Risk Register'!T2:T500,"HIGH") -> 0 | H6: =COUNTIF('📋 Risk Register'!T2:T500,"MEDIUM") -> 0
B9: LOW | D9: OPEN | F9: IN PROGRESS | H9: CLOSED/ACCEPT
B10: =COUNTIF('📋 Risk Register'!T2:T500,"LOW") -> 0 | D10: =COUNTIF('📋 Risk Register'!V2:V500,"Open") -> 2 | F10: =COUNTIF('📋 Risk Register'!V2:V500,"In Progress") -> 4 | H10: =COUNTIF('📋 Risk Register'!V2:V500,"Closed")+COUNTIF('📋 Risk Register'!V2:V500,"Accepted") -> 0
B13: RISK TREATMENT PROGRESS
B14: CRITICAL Treated | D14: HIGH Treated | F14: ALARP Justified | H14: Overdue Actions
B15: =IF(COUNTIF('📋 Risk Register'!T2:T500,"CRITICAL")=0,"N/A",TEXT(COUNTIFS('📋 Risk Register'!T2:T500,"CRITICAL",'📋 Risk Register'!V2:V500,"Closed")/COUNTIF('📋 Risk Register'!T2:T500,"CRITICAL"),"0%")) -> 0% | D15: =IF(COUNTIF('📋 Risk Register'!T2:T500,"HIGH")=0,"N/A",TEXT(COUNTIFS('📋 Risk Register'!T2:T500,"HIGH",'📋 Risk Register'!V2:V500,"Closed")/COUNTIF('📋 Risk Register'!T2:T500,"HIGH"),"0%")) -> N/A | F15: =COUNTIF('📋 Risk Register'!W2:W500,"Yes") -> 1 | H15: =COUNTIFS('📋 Risk Register'!V2:V500,"Open",'📋 Risk Register'!X2:X500,"<"&TODAY()) -> 0
B35: ℹ All metrics update automatically when risks are added or edited in the '📋 Risk Register' sheet. · IEC 62443-2-1:2010 §4.2 · CSMS-RA-008
A50: Severity | B50: Count | C50: Status | D50: Count | E50: Zone | F50: Count
A51: CRITICAL | B51: =COUNTIF('📋 Risk Register'!T2:T500,"CRITICAL") -> 6 | C51: Open | D51: =COUNTIF('📋 Risk Register'!V2:V500,"Open") -> 2 | E51: Zone 1 (Corporate IT) | F51: =COUNTIF('📋 Risk Register'!G2:G500,"Zone 1 (Corporate IT)") -> 0
A52: HIGH | B52: =COUNTIF('📋 Risk Register'!T2:T500,"HIGH") -> 0 | C52: In Progress | D52: =COUNTIF('📋 Risk Register'!V2:V500,"In Progress") -> 4 | E52: Zone 2 (DCS/Control) | F52: =COUNTIF('📋 Risk Register'!G2:G500,"Zone 2 (DCS/Control)") -> 1
A53: MEDIUM | B53: =COUNTIF('📋 Risk Register'!T2:T500,"MEDIUM") -> 0 | C53: Closed | D53: =COUNTIF('📋 Risk Register'!V2:V500,"Closed") -> 0 | E53: Zone 3 (Operations) | F53: =COUNTIF('📋 Risk Register'!G2:G500,"Zone 3 (Operations)") -> 1
A54: LOW | B54: =COUNTIF('📋 Risk Register'!T2:T500,"LOW") -> 0 | C54: Accepted | D54: =COUNTIF('📋 Risk Register'!V2:V500,"Accepted") -> 0 | E54: Zone 4 (Field/Control) | F54: =COUNTIF('📋 Risk Register'!G2:G500,"Zone 4 (Field/Control)") -> 2
C55: Deferred | D55: =COUNTIF('📋 Risk Register'!V2:V500,"Deferred") -> 0 | E55: Zone 5 (Safety/SIS) | F55: =COUNTIF('📋 Risk Register'!G2:G500,"Zone 5 (Safety/SIS)") -> 2
E56: Conduit | F56: =COUNTIF('📋 Risk Register'!G2:G500,"Conduit") -> 0
E57: Multiple | F57: =COUNTIF('📋 Risk Register'!G2:G500,"Multiple") -> 0

Sheet 📋 Risk Register
A1: IACS CYBER SECURITY RISK REGISTER · CSMS-RA-008 · Stage 2 — Risk Analysis · IEC 62443-2-1:2010 §4.2
A2: Facility: Sunrise Refinery / Pacific Gateway Port | CSMS Owner: OT Security Manager | Version: 3.0 | N2: =TEXT(TODAY(),"DD MMM YYYY") -> 12 May 2026
A3: Risk ID | B3: Scenario Description | C3: Hazard Source | D3: Threat Actor | E3: Attack Vector | F3: Zone / Conduit | G3: Zone (Select) | H3: CJA Target | I3: Consequence Category | J3: Physical Consequence | K3: Consequence Score (C) | L3: Existing Controls | M3: Opportunity (1–4) | N3: Exploitability (1–4) | O3: Threat Capability | P3: Reference Class | Q3: Likelihood Score (L) | R3: Risk Score (L×C) | S3: Risk Level (Auto) | T3: Severity (Auto) | U3: Evaluation Decision | V3: Treatment Status | W3: ALARP Justified? | X3: Target Date | Y3: Treatment Owner | Z3: Treatment Strategy | AA3: Countermeasures | AB3: SL-T (IEC 62443) | AC3: FR Reference | AD3: Residual Score | AE3: Residual Level | AF3: Risk Acceptance By | AG3: Review Date | AH3: Notes
A4: R-SR-001 | B4: External attacker compromises vendor VPN (PSK, no MFA). Reaches Triconex SIS via shared DCS engineering workstation. Modifies SIS cause-and-effect matrix defeating Unit 3 ESD function. | C4: H-SR-002: Vendor VPN PSK; H-SR-010: Flat network — SIS reachable | D4: Organised Criminal / Nation-State | E4: Internet → VPN → OT Network → Engineering WS → SIS | F4: Conduit D (Vendor VPN) → Zone 2 → Zone 5 | G4: Zone 5 (Safety/SIS) | H4: Triconex Tricon SIS — Unit 3 ESD | I4: Safety/HSE | J4: ESD defeat → uncontrolled overpressure → BLEVE → Multiple fatalities | K4: 4 | L4: None: No MFA on VPN; No SIS network isolation; No SIS access controls | M4: 4 | N4: 4 | O4: 3 | P4: 4 | Q4: =IF(M4="","",MIN(4,ROUND((M4+N4+O4+P4)/4,0))) -> 4 | R4: =IF(K4="","",IF(Q4="","",K4*Q4)) -> 16 | S4: =IF(R4="","",IF(R4>=12,"CRITICAL",IF(R4>=6,"HIGH",IF(R4>=3,"MEDIUM","LOW")))) -> CRITICAL | T4: =IF(R4="","",IF(R4>=12,"CRITICAL",IF(R4>=6,"HIGH",IF(R4>=3,"MEDIUM","LOW")))) -> CRITICAL | U4: UNACCEPTABLE — Mandatory immediate treatment | V4: In Progress | W4: No | X4: 2025-03-01 | Y4: OT Security Manager + OT Engineering | Z4: Reduce | AA4: (1) MFA on vendor VPN — FR1 SL-T3. (2) Physical SIS workstation isolation — IMMEDIATE. (3) PAM for vendor sessions — FR2 SL-T3. (4) Session recording — FR6 SL-T3. | AB4: SL-T 3 | AC4: FR1, FR2, FR6 | AD4: 8 | AE4: =IF(AD4="","",IF(AD4>=12,"CRITICAL",IF(AD4>=6,"HIGH",IF(AD4>=3,"MEDIUM","LOW")))) -> HIGH | AF4: Operations Director | AG4: 2025-06-01 | AH4: TRITON-class attack path. Immediate action: SIS workstation separation completed 2025-01-07. MFA in progress.
A5: R-SR-002 | B5: DCS compromise via IT/OT lateral movement through SCADA historian pivot. Attacker modifies process setpoints on Unit 3 high-pressure distillation column. | C5: H-SR-001: Historian IT/OT bridge; H-SR-003: No industrial DMZ | D5: Organised Criminal (Ransomware Adjacency) | E5: Corporate IT → Historian bridge → DCS → Unit 3 setpoints | F5: Zone 1 → Zone 3 (no DMZ) → Zone 2 | G5: Zone 2 (DCS/Control) | H5: Honeywell Experion DCS — Units 1, 2, 3 | I5: Safety/HSE | J5: Setpoint manipulation → reactor overpressure → VCE — potential fatalities | K5: 4 | L5: Historian credentials (weak); No DMZ; DCS accounts shared | M5: 3 | N5: 4 | O5: 3 | P5: 4 | Q5: =IF(M5="","",MIN(4,ROUND((M5+N5+O5+P5)/4,0))) -> 4 | R5: =IF(K5="","",IF(Q5="","",K5*Q5)) -> 16 | S5: =IF(R5="","",IF(R5>=12,"CRITICAL",IF(R5>=6,"HIGH",IF(R5>=3,"MEDIUM","LOW")))) -> CRITICAL | T5: =IF(R5="","",IF(R5>=12,"CRITICAL",IF(R5>=6,"HIGH",IF(R5>=3,"MEDIUM","LOW")))) -> CRITICAL | U5: UNACCEPTABLE — Mandatory treatment | V5: In Progress | W5: No | X5: 2025-04-01 | Y5: IT Security Manager + OT Engineering | Z5: Reduce | AA5: (1) Industrial DMZ deployment — FR5 SL-T3. (2) OT-IDS Zone 3/4 — FR6 SL-T3. (3) Historian authentication — FR1 SL-T2. (4) DCS account individual — FR2 SL-T2. | AB5: SL-T 3 | AC5: FR1, FR2, FR5, FR6 | AD5: 8 | AE5: =IF(AD5="","",IF(AD5>=12,"CRITICAL",IF(AD5>=6,"HIGH",IF(AD5>=3,"MEDIUM","LOW")))) -> HIGH | AF5: Operations Director | AG5: 2025-06-01 | AH5: Colonial Pipeline / Oldsmar water model. Historian unauthenticated access confirmed passively (SR-PA-006).
A6: R-SR-003 | B6: Compressor PLCs (12 units) exploited via CVE-2022-1159 (CVSS 9.8). Attacker modifies compressor speed setpoints or disables ESD relay logic. | C6: H-SR-005: CVE-2022-1159 applicable firmware 32.011 | D6: Any actor with OT network access | E6: OT network → EtherNet/IP → ControlLogix firmware exploit | F6: Zone 4 (Control Network) — compressor subnet | G6: Zone 4 (Field/Control) | H6: ControlLogix PLCs — 12× compressor units | I6: Safety/HSE | J6: Compressor failure → hydrocarbon release → fire/explosion — CRITICAL injury risk | K6: 3 | L6: None: CVE unpatched 8+ months; Default credentials on some PLCs | M6: 4 | N6: 4 | O6: 3 | P6: 4 | Q6: =IF(M6="","",MIN(4,ROUND((M6+N6+O6+P6)/4,0))) -> 4 | R6: =IF(K6="","",IF(Q6="","",K6*Q6)) -> 12 | S6: =IF(R6="","",IF(R6>=12,"CRITICAL",IF(R6>=6,"HIGH",IF(R6>=3,"MEDIUM","LOW")))) -> CRITICAL | T6: =IF(R6="","",IF(R6>=12,"CRITICAL",IF(R6>=6,"HIGH",IF(R6>=3,"MEDIUM","LOW")))) -> CRITICAL | U6: UNACCEPTABLE — Emergency patch required | V6: In Progress | W6: No | X6: 2025-02-15 | Y6: OT Engineering + Vendor (Rockwell) | Z6: Reduce | AA6: (1) Emergency patch CVE-2022-1159 — coordinate maintenance windows — FR3 SL-T2. (2) PLC subnet isolation — FR5 SL-T2. (3) Default credential change — FR1 SL-T2. (4) OT monitoring on PLC subnet — FR6 SL-T2. | AB6: SL-T 2 | AC6: FR1, FR3, FR5, FR6 | AD6: 3 | AE6: =IF(AD6="","",IF(AD6>=12,"CRITICAL",IF(AD6>=6,"HIGH",IF(AD6>=3,"MEDIUM","LOW")))) -> MEDIUM | AF6: OT Security Manager | AG6: 2025-04-01 | AH6: CISA KEV catalog entry — active exploitation confirmed in energy sector. Passive fingerprint: firmware 32.011 confirmed via enip-info.
A7: R-SR-004 | B7: Nation-state TRITON-class direct SIS attack. Adversary develops TriStation-aware malware to defeat Unit 3 SIS while keeping SIS apparently operational. | C7: H-SR-010: SIS accessible from engineering network; H-SR-002: VPN path | D7: Nation-State (XENOTIME capability) | E7: Supply chain / engineering network → TriStation protocol → SIS | F7: Zone 2 → Zone 5 (pre-remediation) | G7: Zone 5 (Safety/SIS) | H7: Triconex Tricon SIS — Unit 3 ESD | I7: Safety/HSE | J7: SIS defeat with concealment → process upset → BLEVE — Multiple fatalities | K7: 4 | L7: HIPPS (physical), PSVs (physical). No cyber controls on SIS. | M7: 2 | N7: 4 | O7: 2 | P7: 3 | Q7: =IF(M7="","",MIN(4,ROUND((M7+N7+O7+P7)/4,0))) -> 3 | R7: =IF(K7="","",IF(Q7="","",K7*Q7)) -> 12 | S7: =IF(R7="","",IF(R7>=12,"CRITICAL",IF(R7>=6,"HIGH",IF(R7>=3,"MEDIUM","LOW")))) -> CRITICAL | T7: =IF(R7="","",IF(R7>=12,"CRITICAL",IF(R7>=6,"HIGH",IF(R7>=3,"MEDIUM","LOW")))) -> CRITICAL | U7: ALARP REQUIRED — nation-state capability; all practicable controls applied | V7: In Progress | W7: Yes | X7: 2025-06-01 | Y7: Process Safety Manager + OT Security Manager | Z7: Reduce | AA7: (1) SIS workstation physical isolation — DONE. (2) SIS integrity monitoring via data diode — FR6 SL-T3. (3) Two-person integrity for SIS programme changes — FR2 SL-T3. (4) Vendor access separate MFA session — FR1 SL-T3. | AB7: SL-T 3 | AC7: FR1, FR2, FR6 | AD7: 8 | AE7: =IF(AD7="","",IF(AD7>=12,"CRITICAL",IF(AD7>=6,"HIGH",IF(AD7>=3,"MEDIUM","LOW")))) -> HIGH | AF7: Operations Director | AG7: 2025-12-01 | AH7: ALARP case: nation-state SL-T 3+ capability. All practicable controls implemented. Post-remediation LOPA: f(consequence) = 5×10⁻⁷ ≤ CFT 10⁻⁵.
A8: R-PGP-001 | B8: Rogue 802.11p V2X beacon injected near terminal. IGV navigation processor accepts false position/route data. IGV directed into maintenance area — worker fatality. | C8: H-PGP-001: V2X 802.11p — no authentication (IEEE 1609.2 WAVE Security not implemented) | D8: Hacktivist / Insider / Organised Criminal | E8: Wireless RF → V2X beacon injection → IGV navigation processor | F8: Zone 4 (IGV Navigation) — V2X wireless | G8: Zone 4 (Field/Control) | H8: IGV Navigation System — 24 IGVs | I8: Safety/HSE | J8: Worker struck by 40-tonne IGV at 15 km/h — FATAL. Fleet-wide navigation corruption. | K8: 4 | L8: Pedestrian exclusion zone (degraded), LiDAR obstacle detection (defeatable by spoofing), hard-wired E-stop | M8: 4 | N8: 4 | O8: 3 | P8: 3 | Q8: =IF(M8="","",MIN(4,ROUND((M8+N8+O8+P8)/4,0))) -> 4 | R8: =IF(K8="","",IF(Q8="","",K8*Q8)) -> 16 | S8: =IF(R8="","",IF(R8>=12,"CRITICAL",IF(R8>=6,"HIGH",IF(R8>=3,"MEDIUM","LOW")))) -> CRITICAL | T8: =IF(R8="","",IF(R8>=12,"CRITICAL",IF(R8>=6,"HIGH",IF(R8>=3,"MEDIUM","LOW")))) -> CRITICAL | U8: UNACCEPTABLE — Mandatory treatment | V8: Open | W8: No | X8: 2025-05-01 | Y8: OT Engineering + V2X Vendor | Z8: Reduce | AA8: (1) Implement IEEE 1609.2 WAVE Security (V2X authentication) — FR1 SL-T3. (2) Physical speed limiting in pedestrian zones — FR3 SL-T2. (3) MQTT TLS + HMAC — FR4 SL-T2. (4) FMS anomaly detection — FR6 SL-T2. | AB8: SL-T 3 | AC8: FR1, FR3, FR4, FR6 | AD8: 8 | AE8: =IF(AD8="","",IF(AD8>=12,"CRITICAL",IF(AD8>=6,"HIGH",IF(AD8>=3,"MEDIUM","LOW")))) -> HIGH | AF8: Chief Engineer — Pacific Gateway Port | AG8: 2025-06-01 | AH8: Pacific Gateway Port assessment finding T-01 (Score 16). Lab demonstration: rogue beacon accepted by test IGV navigation processor. TRITON analogy for safety system.
A9: R-PGP-002 | B9: MQTT broker unauthenticated. Attacker subscribes to all IGV routing topics, injects false routing commands directing multiple IGVs simultaneously. | C9: H-PGP-002: MQTT plaintext — no TLS, no HMAC | D9: Any actor on FMS network segment | E9: FMS network → MQTT broker → IGV routing commands | F9: Zone 3 (Fleet Management) → Zone 4 (IGV Navigation) | G9: Zone 3 (Operations) | H9: Fleet Management Server — MQTT Broker | I9: Safety/HSE | J9: Fleet-wide IGV navigation corruption → multiple vehicle collisions → worker fatalities / infrastructure damage | K9: 4 | L9: None: MQTT plaintext, no authentication, no integrity checking | M9: 4 | N9: 4 | O9: 3 | P9: 3 | Q9: =IF(M9="","",MIN(4,ROUND((M9+N9+O9+P9)/4,0))) -> 4 | R9: =IF(K9="","",IF(Q9="","",K9*Q9)) -> 16 | S9: =IF(R9="","",IF(R9>=12,"CRITICAL",IF(R9>=6,"HIGH",IF(R9>=3,"MEDIUM","LOW")))) -> CRITICAL | T9: =IF(R9="","",IF(R9>=12,"CRITICAL",IF(R9>=6,"HIGH",IF(R9>=3,"MEDIUM","LOW")))) -> CRITICAL | U9: UNACCEPTABLE — Mandatory treatment | V9: Open | W9: No | X9: 2025-04-15 | Y9: IT Security Manager + FMS Vendor | Z9: Reduce | AA9: (1) MQTT over TLS (port 8883) — FR4 SL-T2. (2) HMAC message integrity on all IGV commands — FR3 SL-T2. (3) Broker authentication (client certificates) — FR1 SL-T2. (4) FMS network segmentation from TOS — FR5 SL-T2. | AB9: SL-T 2 | AC9: FR1, FR3, FR4, FR5 | AD9: 4 | AE9: =IF(AD9="","",IF(AD9>=12,"CRITICAL",IF(AD9>=6,"HIGH",IF(AD9>=3,"MEDIUM","LOW")))) -> MEDIUM | AF9: Chief Engineer — Pacific Gateway Port | AG9: 2025-05-01 | AH9: Active assessment finding: MQTT unauthenticated subscribe confirmed. All 24 IGV routing topics visible without credentials.

Sheet 🎯 Risk Matrix
B1: IEC 62443 RISK MATRIX — LIVE RISK HEAT MAP | I1: LIVE RISK COUNTS BY SEVERITY
B2: Likelihood Score (L) × Consequence Score (C) = Risk Score · Auto-populated from Risk Register | I2: CRITICAL | J2: =COUNTIF('📋 Risk Register'!T4:T500,"CRITICAL") -> 6
I3: HIGH | J3: =COUNTIF('📋 Risk Register'!T4:T500,"HIGH") -> 0
C4: C=1 NEGLIGIBLE | D4: C=2 MARGINAL | E4: C=3 CRITICAL | F4: C=4 CATASTROPHIC | G4: Risk IDs in this cell | I4: MEDIUM | J4: =COUNTIF('📋 Risk Register'!T4:T500,"MEDIUM") -> 0
B5: L=4 HIGH | C5: =IFERROR(_xludf.textjoin(", ",TRUE(),IF(('📋 Risk Register'!Q$4:Q$500=4)*('📋 Risk Register'!K$4:K$500=1),'📋 Risk Register'!A$4:A$500,"")),"") | D5: =IFERROR(_xludf.textjoin(", ",TRUE(),IF(('📋 Risk Register'!Q$4:Q$500=4)*('📋 Risk Register'!K$4:K$500=2),'📋 Risk Register'!A$4:A$500,"")),"") | E5: =IFERROR(_xludf.textjoin(", ",TRUE(),IF(('📋 Risk Register'!Q$4:Q$500=4)*('📋 Risk Register'!K$4:K$500=3),'📋 Risk Register'!A$4:A$500,"")),"") | F5: =IFERROR(_xludf.textjoin(", ",TRUE(),IF(('📋 Risk Register'!Q$4:Q$500=4)*('📋 Risk Register'!K$4:K$500=4),'📋 Risk Register'!A$4:A$500,"")),"") | I5: LOW | J5: =COUNTIF('📋 Risk Register'!T4:T500,"LOW") -> 0
B6: L=3 MEDIUM-HIGH | C6: =IFERROR(_xludf.textjoin(", ",TRUE(),IF(('📋 Risk Register'!Q$4:Q$500=3)*('📋 Risk Register'!K$4:K$500=1),'📋 Risk Register'!A$4:A$500,"")),"") | D6: =IFERROR(_xludf.textjoin(", ",TRUE(),IF(('📋 Risk Register'!Q$4:Q$500=3)*('📋 Risk Register'!K$4:K$500=2),'📋 Risk Register'!A$4:A$500,"")),"") | E6: =IFERROR(_xludf.textjoin(", ",TRUE(),IF(('📋 Risk Register'!Q$4:Q$500=3)*('📋 Risk Register'!K$4:K$500=3),'📋 Risk Register'!A$4:A$500,"")),"") | F6: =IFERROR(_xludf.textjoin(", ",TRUE(),IF(('📋 Risk Register'!Q$4:Q$500=3)*('📋 Risk Register'!K$4:K$500=4),'📋 Risk Register'!A$4:A$500,"")),"") | I6: TOTAL | J6: =COUNTA('📋 Risk Register'!A4:A500)-COUNTBLANK('📋 Risk Register'!A4:A500) -> -485
B7: L=2 MEDIUM-LOW | C7: =IFERROR(_xludf.textjoin(", ",TRUE(),IF(('📋 Risk Register'!Q$4:Q$500=2)*('📋 Risk Register'!K$4:K$500=1),'📋 Risk Register'!A$4:A$500,"")),"") | D7: =IFERROR(_xludf.textjoin(", ",TRUE(),IF(('📋 Risk Register'!Q$4:Q$500=2)*('📋 Risk Register'!K$4:K$500=2),'📋 Risk Register'!A$4:A$500,"")),"") | E7: =IFERROR(_xludf.textjoin(", ",TRUE(),IF(('📋 Risk Register'!Q$4:Q$500=2)*('📋 Risk Register'!K$4:K$500=3),'📋 Risk Register'!A$4:A$500,"")),"") | F7: =IFERROR(_xludf.textjoin(", ",TRUE(),IF(('📋 Risk Register'!Q$4:Q$500=2)*('📋 Risk Register'!K$4:K$500=4),'📋 Risk Register'!A$4:A$500,"")),"")
B8: L=1 LOW | C8: =IFERROR(_xludf.textjoin(", ",TRUE(),IF(('📋 Risk Register'!Q$4:Q$500=1)*('📋 Risk Register'!K$4:K$500=1),'📋 Risk Register'!A$4:A$500,"")),"") | D8: =IFERROR(_xludf.textjoin(", ",TRUE(),IF(('📋 Risk Register'!Q$4:Q$500=1)*('📋 Risk Register'!K$4:K$500=2),'📋 Risk Register'!A$4:A$500,"")),"") | E8: =IFERROR(_xludf.textjoin(", ",TRUE(),IF(('📋 Risk Register'!Q$4:Q$500=1)*('📋 Risk Register'!K$4:K$500=3),'📋 Risk Register'!A$4:A$500,"")),"") | F8: =IFERROR(_xludf.textjoin(", ",TRUE(),IF(('📋 Risk Register'!Q$4:Q$500=1)*('📋 Risk Register'!K$4:K$500=4),'📋 Risk Register'!A$4:A$500,"")),"")
B11: LEGEND
B12: CRITICAL (12–16) | C12: HIGH (6–11) | D12: MEDIUM (3–5) | E12: LOW (1–2)

Sheet 🔧 Treatment Tracker
A1: RISK TREATMENT TRACKER — Auto-linked from Risk Register · CSMS-RA-008
A2: Risk ID | B2: Scenario (Short) | C2: Severity | D2: Treatment Strategy | E2: Treatment Owner | F2: Target Date | G2: Status | H2: Days Remaining | I2: ALARP? | J2: Countermeasures (Summary)
A3: R-SR-001 | B3: =IFERROR(LEFT(VLOOKUP("R-SR-001",'📋 Risk Register'!A:B,2,FALSE()),80),"") -> External attacker compromises vendor VPN (PSK, no MFA). Reaches Triconex SIS via | C3: =IFERROR(VLOOKUP("R-SR-001",'📋 Risk Register'!A:T,20,FALSE()),"") -> CRITICAL | D3: =IFERROR(VLOOKUP("R-SR-001",'📋 Risk Register'!A:Z,26,FALSE()),"") -> Reduce | E3: =IFERROR(VLOOKUP("R-SR-001",'📋 Risk Register'!A:Y,25,FALSE()),"") -> OT Security Manager + OT Engineering | F3: =IFERROR(VLOOKUP("R-SR-001",'📋 Risk Register'!A:X,24,FALSE()),"") -> 2025-03-01 | G3: =IFERROR(VLOOKUP("R-SR-001",'📋 Risk Register'!A:V,22,FALSE()),"") -> In Progress | H3: =IFERROR(IF(G3="Closed","DONE",VLOOKUP("R-SR-001",'📋 Risk Register'!A:X,24,FALSE())-TODAY()),"") -> -437 | I3: =IFERROR(VLOOKUP("R-SR-001",'📋 Risk Register'!A:W,23,FALSE()),"") -> No | J3: =IFERROR(LEFT(VLOOKUP("R-SR-001",'📋 Risk Register'!A:AA,27,FALSE()),120),"") -> (1) MFA on vendor VPN — FR1 SL-T3. (2) Physical SIS workstation isolation — IMMEDIATE. (3) PAM for vendor sessions — FR2
A4: R-SR-002 | B4: =IFERROR(LEFT(VLOOKUP("R-SR-002",'📋 Risk Register'!A:B,2,FALSE()),80),"") -> DCS compromise via IT/OT lateral movement through SCADA historian pivot. Attacke | C4: =IFERROR(VLOOKUP("R-SR-002",'📋 Risk Register'!A:T,20,FALSE()),"") -> CRITICAL | D4: =IFERROR(VLOOKUP("R-SR-002",'📋 Risk Register'!A:Z,26,FALSE()),"") -> Reduce | E4: =IFERROR(VLOOKUP("R-SR-002",'📋 Risk Register'!A:Y,25,FALSE()),"") -> IT Security Manager + OT Engineering | F4: =IFERROR(VLOOKUP("R-SR-002",'📋 Risk Register'!A:X,24,FALSE()),"") -> 2025-04-01 | G4: =IFERROR(VLOOKUP("R-SR-002",'📋 Risk Register'!A:V,22,FALSE()),"") -> In Progress | H4: =IFERROR(IF(G4="Closed","DONE",VLOOKUP("R-SR-002",'📋 Risk Register'!A:X,24,FALSE())-TODAY()),"") -> -406 | I4: =IFERROR(VLOOKUP("R-SR-002",'📋 Risk Register'!A:W,23,FALSE()),"") -> No | J4: =IFERROR(LEFT(VLOOKUP("R-SR-002",'📋 Risk Register'!A:AA,27,FALSE()),120),"") -> (1) Industrial DMZ deployment — FR5 SL-T3. (2) OT-IDS Zone 3/4 — FR6 SL-T3. (3) Historian authentication — FR1 SL-T2. (4
A5: R-SR-003 | B5: =IFERROR(LEFT(VLOOKUP("R-SR-003",'📋 Risk Register'!A:B,2,FALSE()),80),"") -> Compressor PLCs (12 units) exploited via CVE-2022-1159 (CVSS 9.8). Attacker modi | C5: =IFERROR(VLOOKUP("R-SR-003",'📋 Risk Register'!A:T,20,FALSE()),"") -> CRITICAL | D5: =IFERROR(VLOOKUP("R-SR-003",'📋 Risk Register'!A:Z,26,FALSE()),"") -> Reduce | E5: =IFERROR(VLOOKUP("R-SR-003",'📋 Risk Register'!A:Y,25,FALSE()),"") -> OT Engineering + Vendor (Rockwell) | F5: =IFERROR(VLOOKUP("R-SR-003",'📋 Risk Register'!A:X,24,FALSE()),"") -> 2025-02-15 | G5: =IFERROR(VLOOKUP("R-SR-003",'📋 Risk Register'!A:V,22,FALSE()),"") -> In Progress | H5: =IFERROR(IF(G5="Closed","DONE",VLOOKUP("R-SR-003",'📋 Risk Register'!A:X,24,FALSE())-TODAY()),"") -> -451 | I5: =IFERROR(VLOOKUP("R-SR-003",'📋 Risk Register'!A:W,23,FALSE()),"") -> No | J5: =IFERROR(LEFT(VLOOKUP("R-SR-003",'📋 Risk Register'!A:AA,27,FALSE()),120),"") -> (1) Emergency patch CVE-2022-1159 — coordinate maintenance windows — FR3 SL-T2. (2) PLC subnet isolation — FR5 SL-T2. (3
A6: R-SR-004 | B6: =IFERROR(LEFT(VLOOKUP("R-SR-004",'📋 Risk Register'!A:B,2,FALSE()),80),"") -> Nation-state TRITON-class direct SIS attack. Adversary develops TriStation-aware | C6: =IFERROR(VLOOKUP("R-SR-004",'📋 Risk Register'!A:T,20,FALSE()),"") -> CRITICAL | D6: =IFERROR(VLOOKUP("R-SR-004",'📋 Risk Register'!A:Z,26,FALSE()),"") -> Reduce | E6: =IFERROR(VLOOKUP("R-SR-004",'📋 Risk Register'!A:Y,25,FALSE()),"") -> Process Safety Manager + OT Security Manager | F6: =IFERROR(VLOOKUP("R-SR-004",'📋 Risk Register'!A:X,24,FALSE()),"") -> 2025-06-01 | G6: =IFERROR(VLOOKUP("R-SR-004",'📋 Risk Register'!A:V,22,FALSE()),"") -> In Progress | H6: =IFERROR(IF(G6="Closed","DONE",VLOOKUP("R-SR-004",'📋 Risk Register'!A:X,24,FALSE())-TODAY()),"") -> -345 | I6: =IFERROR(VLOOKUP("R-SR-004",'📋 Risk Register'!A:W,23,FALSE()),"") -> Yes | J6: =IFERROR(LEFT(VLOOKUP("R-SR-004",'📋 Risk Register'!A:AA,27,FALSE()),120),"") -> (1) SIS workstation physical isolation — DONE. (2) SIS integrity monitoring via data diode — FR6 SL-T3. (3) Two-person i
A7: R-PGP-001 | B7: =IFERROR(LEFT(VLOOKUP("R-PGP-001",'📋 Risk Register'!A:B,2,FALSE()),80),"") -> Rogue 802.11p V2X beacon injected near terminal. IGV navigation processor accept | C7: =IFERROR(VLOOKUP("R-PGP-001",'📋 Risk Register'!A:T,20,FALSE()),"") -> CRITICAL | D7: =IFERROR(VLOOKUP("R-PGP-001",'📋 Risk Register'!A:Z,26,FALSE()),"") -> Reduce | E7: =IFERROR(VLOOKUP("R-PGP-001",'📋 Risk Register'!A:Y,25,FALSE()),"") -> OT Engineering + V2X Vendor | F7: =IFERROR(VLOOKUP("R-PGP-001",'📋 Risk Register'!A:X,24,FALSE()),"") -> 2025-05-01 | G7: =IFERROR(VLOOKUP("R-PGP-001",'📋 Risk Register'!A:V,22,FALSE()),"") -> Open | H7: =IFERROR(IF(G7="Closed","DONE",VLOOKUP("R-PGP-001",'📋 Risk Register'!A:X,24,FALSE())-TODAY()),"") -> -376 | I7: =IFERROR(VLOOKUP("R-PGP-001",'📋 Risk Register'!A:W,23,FALSE()),"") -> No | J7: =IFERROR(LEFT(VLOOKUP("R-PGP-001",'📋 Risk Register'!A:AA,27,FALSE()),120),"") -> (1) Implement IEEE 1609.2 WAVE Security (V2X authentication) — FR1 SL-T3. (2) Physical speed limiting in pedestrian zone
A8: R-PGP-002 | B8: =IFERROR(LEFT(VLOOKUP("R-PGP-002",'📋 Risk Register'!A:B,2,FALSE()),80),"") -> MQTT broker unauthenticated. Attacker subscribes to all IGV routing topics, inje | C8: =IFERROR(VLOOKUP("R-PGP-002",'📋 Risk Register'!A:T,20,FALSE()),"") -> CRITICAL | D8: =IFERROR(VLOOKUP("R-PGP-002",'📋 Risk Register'!A:Z,26,FALSE()),"") -> Reduce | E8: =IFERROR(VLOOKUP("R-PGP-002",'📋 Risk Register'!A:Y,25,FALSE()),"") -> IT Security Manager + FMS Vendor | F8: =IFERROR(VLOOKUP("R-PGP-002",'📋 Risk Register'!A:X,24,FALSE()),"") -> 2025-04-15 | G8: =IFERROR(VLOOKUP("R-PGP-002",'📋 Risk Register'!A:V,22,FALSE()),"") -> Open | H8: =IFERROR(IF(G8="Closed","DONE",VLOOKUP("R-PGP-002",'📋 Risk Register'!A:X,24,FALSE())-TODAY()),"") -> -392 | I8: =IFERROR(VLOOKUP("R-PGP-002",'📋 Risk Register'!A:W,23,FALSE()),"") -> No | J8: =IFERROR(LEFT(VLOOKUP("R-PGP-002",'📋 Risk Register'!A:AA,27,FALSE()),120),"") -> (1) MQTT over TLS (port 8883) — FR4 SL-T2. (2) HMAC message integrity on all IGV commands — FR3 SL-T2. (3) Broker authen
A11: TREATMENT SUMMARY — auto-calculated from register above
A12: Open | B12: =COUNTIF(G3:G9,"Open") -> 2 | C12: In Progress | D12: =COUNTIF(G3:G9,"In Progress") -> 4 | E12: Closed | F12: =COUNTIF(G3:G9,"Closed") -> 0 | G12: Overdue | H12: =COUNTIFS(H3:H9,"<0",G3:G9,"<>Closed") -> 6 | I12: % Complete | J12: =TEXT(COUNTIF(G3:G9,"Closed")/COUNTA(G3:G9),"0%") -> 0%

Sheet 📖 Instructions
B1: IACS CYBER SECURITY RISK REGISTER — USER GUIDE
B2: HOW TO USE THIS WORKBOOK
B3: Step 1 — Add new risks | C3: Navigate to '📋 Risk Register'. Enter data in columns A through P (Risk ID through Reference Class). The Likelihood Score (Q), Risk Score (R), Severity (S/T), and Residual Level (AE) calculate automatically.
B4: Step 2 — Select from dropdowns | C4: Columns G (Zone), I (Consequence Category), M–P (Scores 1–4), V (Status), W (ALARP), Z (Strategy), AB (SL-T) all have dropdown validation. Click the cell to see the dropdown arrow.
B5: Step 3 — Update treatment status | C5: When you complete a countermeasure, update column V (Treatment Status) from 'Open' → 'In Progress' → 'Closed'. All dashboards update automatically.
B6: Step 4 — Review the dashboard | C6: The '📊 Dashboard' sheet shows live counts, KPIs, and charts. All values pull directly from the Risk Register. Refresh: press Ctrl+Alt+F9 to force recalculation.
B7: Step 5 — Check the treatment tracker | C7: The '🔧 Treatment Tracker' shows overdue actions (highlighted red), days remaining, and completion percentage. Update target dates in the Risk Register — the tracker updates automatically.
B8: Step 6 — Risk Matrix | C8: The '🎯 Risk Matrix' shows which Risk IDs sit in each cell of the IEC 62443 4×4 matrix. As you add risks, they appear automatically in the correct cell.
B9: RISK SCORING GUIDE
B10: Consequence Score (C) | C10: 1 = NEGLIGIBLE (nuisance only) 2 = MARGINAL (limited production impact) 3 = CRITICAL (major operational/environmental impact) 4 = CATASTROPHIC (fatalities possible / major release)
B11: Likelihood Inputs (1–4 each) | C11: Opportunity: 1=Minimal, 2=Limited, 3=Significant, 4=Extensive Exploitability: 1=Very difficult, 2=Difficult, 3=Moderate, 4=Easy Threat Capability: 1=Low, 2=Medium, 3=High, 4=Very High Reference Class: 1=No precedent, 2=Rare, 3=Sector incidents, 4=Active exploitation
B12: Risk Score = L × C | C12: Likelihood Score = ROUND(AVG(Opp, Exploit, ThreatCap, RefClass), 0) Risk Score = Likelihood × Consequence CRITICAL: 12–16 | HIGH: 6–11 | MEDIUM: 3–5 | LOW: 1–2
B13: REGULATORY REFERENCES
B14: IEC 62443-2-1:2010 §4.2 | C14: Risk Analysis — this register is the primary output of §4.2.3 (threat and vulnerability assessment) and §4.2.3.10 (risk register maintenance SHALL requirement).
B15: IEC 62443-2-1:2010 §4.2.3.6.5 | C15: Risk Tolerance Criteria (SHALL): criteria must be established before the risk assessment begins. Document risk tolerance thresholds in the register header.
B16: IEC 62443-2-1:2010 §4.2.3.13 | C16: Risk Register (SHALL): must be maintained, reviewed at defined intervals, and updated on trigger events (architecture change, new CVE, post-incident).
B17: ALARP (UK HSE / R2P2 2001) | C17: Risks in the ALARP zone (HIGH) must have documented justification that all practicable controls have been implemented. Record in column W and document the ALARP case in the Notes column.
B18: REASSESSMENT TRIGGERS
B19: Architecture changes | C19: Any change to OT network connectivity, new systems, or changed vendor access requires re-assessment of affected risk entries.
B20: New vulnerability / ICS-CERT advisory | C20: Any ICS-CERT advisory for a deployed technology requires immediate likelihood re-assessment for affected entries.
B21: Security incident (this or peer facility) | C21: Any OT security incident at this facility or a directly comparable facility triggers full risk register review.
B22: Regulatory change | C22: Any change to applicable regulatory requirements triggers compliance mapping review.
B23: Annual review (minimum) | C23: Complete risk register review at minimum annually. More frequent for CRITICAL risks.
